Codon;HCV-G1;HCV-G2;HCV-G3;HCV-G4;HCV-G5;HCV-G6
GCG;0.23;0.22;0.19;0.21;0.21;0.19
GCA;0.17;0.15;0.20;0.19;0.18;0.21
GCT;0.20;0.28;0.30;0.26;0.21;0.27
GCC;0.40;0.35;0.32;0.34;0.40;0.34
TGT;0.31;0.24;0.31;0.29;0.37;0.41
TGC;0.69;0.76;0.69;0.71;0.63;0.59
GAT;0.28;0.29;0.42;0.30;0.28;0.34
GAC;0.72;0.71;0.58;0.70;0.72;0.66
GAG;0.72;0.77;0.66;0.70;0.58;0.76
GAA;0.28;0.23;0.34;0.30;0.42;0.24
TTT;0.36;0.43;0.38;0.30;0.29;0.48
TTC;0.64;0.57;0.62;0.70;0.71;0.52
GGG;0.29;0.33;0.30;0.25;0.36;0.26
GGA;0.14;0.17;0.19;0.20;0.13;0.20
GGT;0.16;0.10;0.21;0.18;0.20;0.21
GGC;0.41;0.40;0.30;0.37;0.31;0.33
CAT;0.43;0.34;0.61;0.38;0.40;0.38
CAC;0.57;0.66;0.39;0.62;0.60;0.62
ATA;0.25;0.22;0.32;0.23;0.25;0.29
ATT;0.18;0.23;0.20;0.20;0.24;0.20
ATC;0.56;0.55;0.48;0.57;0.51;0.51
AAG;0.68;0.59;0.66;0.68;0.72;0.58
AAA;0.32;0.41;0.34;0.32;0.28;0.42
TTG;0.12;0.18;0.18;0.17;0.15;0.18
TTA;0.03;0.08;0.07;0.07;0.08;0.05
CTG;0.32;0.21;0.24;0.24;0.24;0.23
CTA;0.07;0.11;0.11;0.09;0.10;0.12
CTT;0.17;0.13;0.16;0.17;0.18;0.12
CTC;0.29;0.28;0.23;0.25;0.24;0.30
ATG;1.00;1.00;1.00;1.00;1.00;1.00
AAT;0.29;0.39;0.33;0.51;0.40;0.51
AAC;0.71;0.61;0.67;0.49;0.60;0.49
CCG;0.16;0.16;0.14;0.21;0.22;0.16
CCA;0.17;0.19;0.27;0.28;0.14;0.22
CCT;0.27;0.22;0.29;0.22;0.22;0.30
CCC;0.40;0.43;0.30;0.29;0.42;0.33
CAG;0.59;0.61;0.59;0.56;0.62;0.46
CAA;0.41;0.39;0.41;0.44;0.38;0.36
AGG;0.30;0.27;0.18;0.20;0.25;0.25
AGA;0.14;0.17;0.16;0.22;0.17;0.21
CGG;0.19;0.19;0.17;0.17;0.21;0.16
CGA;0.07;0.08;0.09;0.08;0.07;0.08
CGT;0.08;0.09;0.14;0.08;0.10;0.12
CGC;0.21;0.19;0.25;0.25;0.19;0.19
AGT;0.07;0.09;0.10;0.06;0.08;0.09
AGC;0.23;0.16;0.20;0.20;0.20;0.20
TCG;0.12;0.12;0.11;0.16;0.10;0.11
TCA;0.13;0.13;0.14;0.19;0.14;0.22
TCT;0.13;0.16;0.19;0.17;0.18;0.18
TCC;0.33;0.34;0.26;0.22;0.29;0.20
ACG;0.23;0.15;0.16;0.15;0.23;0.19
ACA;0.15;0.23;0.23;0.22;0.20;0.25
ACT;0.20;0.23;0.28;0.22;0.20;0.20
ACC;0.41;0.39;0.33;0.41;0.37;0.37
GTG;0.41;0.39;0.38;0.39;0.36;0.38
GTA;0.10;0.10;0.14;0.15;0.15;0.16
GTT;0.15;0.13;0.15;0.16;0.19;0.17
GTC;0.34;0.38;0.32;0.31;0.30;0.30
TGG;1.00;1.00;1.00;1.00;1.00;1.00
TAT;0.30;0.37;0.37;0.38;0.35;0.41
TAC;0.70;0.63;0.63;0.62;0.65;0.59
TGA;1.00;1.00;1.00;0.00;1.00;0.00
TAG;0.00;0.00;0.00;1.00;0.00;1.00
TAA;0.00;0.00;0.00;0.00;0.00;0.00
