Genotype;Position;Codon;Frequency;HCV-G1
1b;24;AAA;0.0;0.32
1b;28;AAA;0.0;0.32
1b;29;AAA;0.0;0.32
1b;30;AAA;0.0024271844660194173;0.32
1b;31;AAA;0.0;0.32
1b;32;AAA;0.0;0.32
1b;54;AAA;0.0;0.32
1b;58;AAA;0.0;0.32
1b;92;AAA;0.0;0.32
1b;93;AAA;0.0;0.32
1b;24;AAC;0.0;0.71
1b;28;AAC;0.0;0.71
1b;29;AAC;0.0;0.71
1b;30;AAC;0.0;0.71
1b;31;AAC;0.0;0.71
1b;32;AAC;0.0;0.71
1b;54;AAC;0.00849514563106796;0.71
1b;58;AAC;0.0;0.71
1b;92;AAC;0.0;0.71
1b;93;AAC;0.0;0.71
1b;24;AAG;0.009708737864077669;0.68
1b;28;AAG;0.0;0.68
1b;29;AAG;0.0;0.68
1b;30;AAG;0.0012135922330097086;0.68
1b;31;AAG;0.0;0.68
1b;32;AAG;0.0;0.68
1b;54;AAG;0.0;0.68
1b;58;AAG;0.0;0.68
1b;92;AAG;0.0;0.68
1b;93;AAG;0.0;0.68
1b;24;AAT;0.0;0.29
1b;28;AAT;0.0;0.29
1b;29;AAT;0.0;0.29
1b;30;AAT;0.0;0.29
1b;31;AAT;0.0;0.29
1b;32;AAT;0.0;0.29
1b;54;AAT;0.038834951456310676;0.29
1b;58;AAT;0.0;0.29
1b;92;AAT;0.0;0.29
1b;93;AAT;0.0;0.29
1b;24;ACA;0.0;0.15
1b;28;ACA;0.0;0.15
1b;29;ACA;0.0;0.15
1b;30;ACA;0.0;0.15
1b;31;ACA;0.0;0.15
1b;32;ACA;0.0;0.15
1b;54;ACA;0.0;0.15
1b;58;ACA;0.009708737864077669;0.15
1b;92;ACA;0.0048543689320388345;0.15
1b;93;ACA;0.0;0.15
1b;24;ACG;0.0;0.23
1b;28;ACG;0.0;0.23
1b;29;ACG;0.0;0.23
1b;30;ACG;0.0;0.23
1b;31;ACG;0.0;0.23
1b;32;ACG;0.0;0.23
1b;54;ACG;0.0;0.23
1b;58;ACG;0.0012135922330097086;0.23
1b;92;ACG;0.00849514563106796;0.23
1b;93;ACG;0.0;0.23
1b;24;ACT;0.0;0.2
1b;28;ACT;0.0;0.2
1b;29;ACT;0.0;0.2
1b;30;ACT;0.0;0.2
1b;31;ACT;0.0;0.2
1b;32;ACT;0.0;0.2
1b;54;ACT;0.0;0.2
1b;58;ACT;0.0012135922330097086;0.2
1b;92;ACT;0.0;0.2
1b;93;ACT;0.0;0.2
1b;24;AGG;0.0;0.3
1b;28;AGG;0.0;0.3
1b;29;AGG;0.0;0.3
1b;30;AGG;0.0048543689320388345;0.3
1b;31;AGG;0.0;0.3
1b;32;AGG;0.0;0.3
1b;54;AGG;0.0;0.3
1b;58;AGG;0.0;0.3
1b;92;AGG;0.0;0.3
1b;93;AGG;0.0;0.3
1b;24;ATA;0.0;0.25
1b;28;ATA;0.0;0.25
1b;29;ATA;0.0;0.25
1b;30;ATA;0.0;0.25
1b;31;ATA;0.0024271844660194173;0.25
1b;32;ATA;0.0;0.25
1b;54;ATA;0.0;0.25
1b;58;ATA;0.0;0.25
1b;92;ATA;0.0;0.25
1b;93;ATA;0.0;0.25
1b;24;ATG;0.0;1.0
1b;28;ATG;0.01699029126213592;1.0
1b;29;ATG;0.0;1.0
1b;30;ATG;0.0012135922330097086;1.0
1b;31;ATG;0.03398058252427184;1.0
1b;32;ATG;0.0;1.0
1b;54;ATG;0.0;1.0
1b;58;ATG;0.0;1.0
1b;92;ATG;0.0;1.0
1b;93;ATG;0.0;1.0
1b;24;CAA;0.06796116504854369;0.41
1b;28;CAA;0.0;0.41
1b;29;CAA;0.0;0.41
1b;30;CAA;0.0036407766990291263;0.41
1b;31;CAA;0.0;0.41
1b;32;CAA;0.0;0.41
1b;54;CAA;0.41019417475728154;0.41
1b;58;CAA;0.0024271844660194173;0.41
1b;92;CAA;0.0;0.41
1b;93;CAA;0.0;0.41
1b;24;CAC;0.0;0.57
1b;28;CAC;0.0;0.57
1b;29;CAC;0.0;0.57
1b;30;CAC;0.0;0.57
1b;31;CAC;0.0;0.57
1b;32;CAC;0.0;0.57
1b;54;CAC;0.15655339805825244;0.57
1b;58;CAC;0.0;0.57
1b;92;CAC;0.0;0.57
1b;93;CAC;0.03762135922330097;0.57
1b;24;CAG;0.9150485436893204;0.59
1b;28;CAG;0.0;0.59
1b;29;CAG;0.0;0.59
1b;30;CAG;0.03762135922330097;0.59
1b;31;CAG;0.0;0.59
1b;32;CAG;0.0;0.59
1b;54;CAG;0.2524271844660194;0.59
1b;58;CAG;0.0;0.59
1b;92;CAG;0.0;0.59
1b;93;CAG;0.0;0.59
1b;24;CAT;0.0;0.43
1b;28;CAT;0.0;0.43
1b;29;CAT;0.0;0.43
1b;30;CAT;0.0;0.43
1b;31;CAT;0.0;0.43
1b;32;CAT;0.0;0.43
1b;54;CAT;0.10800970873786407;0.43
1b;58;CAT;0.0;0.43
1b;92;CAT;0.0;0.43
1b;93;CAT;0.0;0.43
1b;24;CCA;0.0;0.17
1b;28;CCA;0.0;0.17
1b;29;CCA;0.16747572815533981;0.17
1b;30;CCA;0.0;0.17
1b;31;CCA;0.0012135922330097086;0.17
1b;32;CCA;0.09466019417475728;0.17
1b;54;CCA;0.0;0.17
1b;58;CCA;0.8300970873786407;0.17
1b;92;CCA;0.0;0.17
1b;93;CCA;0.0;0.17
1b;24;CCC;0.0;0.4
1b;28;CCC;0.0;0.4
1b;29;CCC;0.0048543689320388345;0.4
1b;30;CCC;0.0;0.4
1b;31;CCC;0.0;0.4
1b;32;CCC;0.013349514563106795;0.4
1b;54;CCC;0.0;0.4
1b;58;CCC;0.014563106796116505;0.4
1b;92;CCC;0.0;0.4
1b;93;CCC;0.0;0.4
1b;24;CCG;0.0;0.16
1b;28;CCG;0.0012135922330097086;0.16
1b;29;CCG;0.8228155339805825;0.16
1b;30;CCG;0.0;0.16
1b;31;CCG;0.0;0.16
1b;32;CCG;0.8883495145631068;0.16
1b;54;CCG;0.0;0.16
1b;58;CCG;0.08980582524271845;0.16
1b;92;CCG;0.0;0.16
1b;93;CCG;0.0;0.16
1b;24;CCT;0.0;0.27
1b;28;CCT;0.0;0.27
1b;29;CCT;0.0036407766990291263;0.27
1b;30;CCT;0.0;0.27
1b;31;CCT;0.0;0.27
1b;32;CCT;0.0036407766990291263;0.27
1b;54;CCT;0.0;0.27
1b;58;CCT;0.0048543689320388345;0.27
1b;92;CCT;0.0;0.27
1b;93;CCT;0.0;0.27
1b;24;CGA;0.0012135922330097086;0.07
1b;28;CGA;0.0;0.07
1b;29;CGA;0.0;0.07
1b;30;CGA;0.13106796116504854;0.07
1b;31;CGA;0.0;0.07
1b;32;CGA;0.0;0.07
1b;54;CGA;0.0;0.07
1b;58;CGA;0.0;0.07
1b;92;CGA;0.0;0.07
1b;93;CGA;0.0;0.07
1b;24;CGC;0.0;0.21
1b;28;CGC;0.0;0.21
1b;29;CGC;0.0;0.21
1b;30;CGC;0.0048543689320388345;0.21
1b;31;CGC;0.0;0.21
1b;32;CGC;0.0;0.21
1b;54;CGC;0.0;0.21
1b;58;CGC;0.0;0.21
1b;92;CGC;0.0;0.21
1b;93;CGC;0.0;0.21
1b;24;CGG;0.006067961165048544;0.19
1b;28;CGG;0.0;0.19
1b;29;CGG;0.0;0.19
1b;30;CGG;0.8106796116504854;0.19
1b;31;CGG;0.0;0.19
1b;32;CGG;0.0;0.19
1b;54;CGG;0.0;0.19
1b;58;CGG;0.0;0.19
1b;92;CGG;0.0;0.19
1b;93;CGG;0.0;0.19
1b;24;CGT;0.0;0.08
1b;28;CGT;0.0;0.08
1b;29;CGT;0.0;0.08
1b;30;CGT;0.0024271844660194173;0.08
1b;31;CGT;0.0;0.08
1b;32;CGT;0.0;0.08
1b;54;CGT;0.0;0.08
1b;58;CGT;0.0;0.08
1b;92;CGT;0.0;0.08
1b;93;CGT;0.0;0.08
1b;24;CTA;0.0;0.07
1b;28;CTA;0.01820388349514563;0.07
1b;29;CTA;0.0;0.07
1b;30;CTA;0.0;0.07
1b;31;CTA;0.08616504854368932;0.07
1b;32;CTA;0.0;0.07
1b;54;CTA;0.0036407766990291263;0.07
1b;58;CTA;0.006067961165048544;0.07
1b;92;CTA;0.0;0.07
1b;93;CTA;0.0;0.07
1b;24;CTC;0.0;0.29
1b;28;CTC;0.007281553398058253;0.29
1b;29;CTC;0.0;0.29
1b;30;CTC;0.0;0.29
1b;31;CTC;0.0012135922330097086;0.29
1b;32;CTC;0.0;0.29
1b;54;CTC;0.0012135922330097086;0.29
1b;58;CTC;0.0;0.29
1b;92;CTC;0.0;0.29
1b;93;CTC;0.0;0.29
1b;24;CTG;0.0;0.32
1b;28;CTG;0.9271844660194175;0.32
1b;29;CTG;0.0;0.32
1b;30;CTG;0.0;0.32
1b;31;CTG;0.1104368932038835;0.32
1b;32;CTG;0.0;0.32
1b;54;CTG;0.0;0.32
1b;58;CTG;0.0012135922330097086;0.32
1b;92;CTG;0.0;0.32
1b;93;CTG;0.0;0.32
1b;24;CTT;0.0;0.17
1b;28;CTT;0.0024271844660194173;0.17
1b;29;CTT;0.0;0.17
1b;30;CTT;0.0;0.17
1b;31;CTT;0.0036407766990291263;0.17
1b;32;CTT;0.0;0.17
1b;54;CTT;0.0;0.17
1b;58;CTT;0.0;0.17
1b;92;CTT;0.0;0.17
1b;93;CTT;0.0;0.17
1b;24;GAA;0.0;0.28
1b;28;GAA;0.0;0.28
1b;29;GAA;0.0;0.28
1b;30;GAA;0.0;0.28
1b;31;GAA;0.0;0.28
1b;32;GAA;0.0;0.28
1b;54;GAA;0.0012135922330097086;0.28
1b;58;GAA;0.0;0.28
1b;92;GAA;0.0;0.28
1b;93;GAA;0.0;0.28
1b;24;GCA;0.0;0.17
1b;28;GCA;0.0;0.17
1b;29;GCA;0.0;0.17
1b;30;GCA;0.0;0.17
1b;31;GCA;0.0;0.17
1b;32;GCA;0.0;0.17
1b;54;GCA;0.0;0.17
1b;58;GCA;0.0048543689320388345;0.17
1b;92;GCA;0.5703883495145631;0.17
1b;93;GCA;0.0;0.17
1b;24;GCC;0.0;0.4
1b;28;GCC;0.0;0.4
1b;29;GCC;0.0;0.4
1b;30;GCC;0.0;0.4
1b;31;GCC;0.0;0.4
1b;32;GCC;0.0;0.4
1b;54;GCC;0.0;0.4
1b;58;GCC;0.0;0.4
1b;92;GCC;0.0036407766990291263;0.4
1b;93;GCC;0.0;0.4
1b;24;GCG;0.0;0.23
1b;28;GCG;0.0;0.23
1b;29;GCG;0.0;0.23
1b;30;GCG;0.0;0.23
1b;31;GCG;0.0;0.23
1b;32;GCG;0.0;0.23
1b;54;GCG;0.0;0.23
1b;58;GCG;0.0;0.23
1b;92;GCG;0.3932038834951456;0.23
1b;93;GCG;0.0;0.23
1b;24;GCT;0.0;0.2
1b;28;GCT;0.0;0.2
1b;29;GCT;0.0;0.2
1b;30;GCT;0.0;0.2
1b;31;GCT;0.0;0.2
1b;32;GCT;0.0;0.2
1b;54;GCT;0.0;0.2
1b;58;GCT;0.0;0.2
1b;92;GCT;0.010922330097087379;0.2
1b;93;GCT;0.0;0.2
1b;24;GGA;0.0;0.14
1b;28;GGA;0.0;0.14
1b;29;GGA;0.0;0.14
1b;30;GGA;0.0;0.14
1b;31;GGA;0.0;0.14
1b;32;GGA;0.0;0.14
1b;54;GGA;0.0;0.14
1b;58;GGA;0.0;0.14
1b;92;GGA;0.0024271844660194173;0.14
1b;93;GGA;0.0;0.14
1b;24;GTA;0.0;0.1
1b;28;GTA;0.0;0.1
1b;29;GTA;0.0;0.1
1b;30;GTA;0.0;0.1
1b;31;GTA;0.0;0.1
1b;32;GTA;0.0;0.1
1b;54;GTA;0.0;0.1
1b;58;GTA;0.0;0.1
1b;92;GTA;0.0012135922330097086;0.1
1b;93;GTA;0.0;0.1
1b;24;GTG;0.0;0.41
1b;28;GTG;0.0036407766990291263;0.41
1b;29;GTG;0.0;0.41
1b;30;GTG;0.0;0.41
1b;31;GTG;0.0;0.41
1b;32;GTG;0.0;0.41
1b;54;GTG;0.0;0.41
1b;58;GTG;0.0;0.41
1b;92;GTG;0.0036407766990291263;0.41
1b;93;GTG;0.0;0.41
1b;24;TAC;0.0;0.7
1b;28;TAC;0.0;0.7
1b;29;TAC;0.0;0.7
1b;30;TAC;0.0;0.7
1b;31;TAC;0.0;0.7
1b;32;TAC;0.0;0.7
1b;54;TAC;0.006067961165048544;0.7
1b;58;TAC;0.0;0.7
1b;92;TAC;0.0;0.7
1b;93;TAC;0.9453883495145631;0.7
1b;24;TAT;0.0;0.3
1b;28;TAT;0.0;0.3
1b;29;TAT;0.0;0.3
1b;30;TAT;0.0;0.3
1b;31;TAT;0.0;0.3
1b;32;TAT;0.0;0.3
1b;54;TAT;0.009708737864077669;0.3
1b;58;TAT;0.0;0.3
1b;92;TAT;0.0;0.3
1b;93;TAT;0.015776699029126214;0.3
1b;24;TCA;0.0;0.13
1b;28;TCA;0.0;0.13
1b;29;TCA;0.0012135922330097086;0.13
1b;30;TCA;0.0;0.13
1b;31;TCA;0.0;0.13
1b;32;TCA;0.0;0.13
1b;54;TCA;0.0;0.13
1b;58;TCA;0.03155339805825243;0.13
1b;92;TCA;0.0012135922330097086;0.13
1b;93;TCA;0.0;0.13
1b;24;TCT;0.0;0.13
1b;28;TCT;0.0;0.13
1b;29;TCT;0.0;0.13
1b;30;TCT;0.0;0.13
1b;31;TCT;0.0;0.13
1b;32;TCT;0.0;0.13
1b;54;TCT;0.0;0.13
1b;58;TCT;0.0012135922330097086;0.13
1b;92;TCT;0.0;0.13
1b;93;TCT;0.0;0.13
1b;24;TGC;0.0;0.69
1b;28;TGC;0.0;0.69
1b;29;TGC;0.0;0.69
1b;30;TGC;0.0;0.69
1b;31;TGC;0.0;0.69
1b;32;TGC;0.0;0.69
1b;54;TGC;0.0;0.69
1b;58;TGC;0.0;0.69
1b;92;TGC;0.0;0.69
1b;93;TGC;0.0012135922330097086;0.69
1b;24;TTA;0.0;0.03
1b;28;TTA;0.0;0.03
1b;29;TTA;0.0;0.03
1b;30;TTA;0.0;0.03
1b;31;TTA;0.44538834951456313;0.03
1b;32;TTA;0.0;0.03
1b;54;TTA;0.0012135922330097086;0.03
1b;58;TTA;0.0012135922330097086;0.03
1b;92;TTA;0.0;0.03
1b;93;TTA;0.0;0.03
1b;24;TTG;0.0;0.12
1b;28;TTG;0.023058252427184466;0.12
1b;29;TTG;0.0;0.12
1b;30;TTG;0.0;0.12
1b;31;TTG;0.3155339805825243;0.12
1b;32;TTG;0.0;0.12
1b;54;TTG;0.0;0.12
1b;58;TTG;0.0;0.12
1b;92;TTG;0.0;0.12
1b;93;TTG;0.0;0.12
